exhaust,gas,internal,combustion,engine,whose,fuel,includes,chem,contain,chem,vapour,corrosive,inhaled,causes,muscular,reaction,making
chem,organic,compound,containing,functional,group,oxime
acid,base,balance,kidney,producing,ammonium,cellular,energy,source,next,chem,nitrogen,donation,many,anabolic,processes,including,synthesis,purines,carbon
chem,msg,also,known,sodium,glutamate,sodium,salt,chem,one
chem,gas,produced,bacteria,algae,natural,component,flatus,chem,chem
chem,chemical,compound,phosphorus,chem,chemical,formula,pcl3
sodium,hypochlorite,solution,chem,bleach,mixed,common,household,liquids,acetone,butanone,ethanol,isopropyl
acids,wine,crassulacean,acid,metabolism,malate,aspartate,shuttle,chem,ms,spectrum,calculator,chem,solute,activities,aqueous,chem
chem,also,known,mannite,manna,sugar,white,crystalline,solid,looks
chem,practically,chemically,distinct,chem
since,longest,continuous,chain,chem,contains,three,carbon,atoms,preferred,iupac,name,methylpropane,locant
heat,especially,acids,cause,chem,decompose,chem,co,water,dehydration
concentrated,chem,slowly,decomposes,chem,water,leading,pressure,buildup,containing,vessel
chem,solution,formed,stoichiometric,reaction,chem,two,equivalents,potassium,hydroxide
purpose,route,chem,using,chem,trimerization,first,brought,stream,qatar,chevron,phillips
chem,correctly,unusually,poly,chem,commonly,abbreviated,pvc,world,third
early,1970s,carcinogenicity,chem,usually,called,chem,monomer,vcm,linked,cancers,workers,chem
chem,results,chem,monomers,interconnect
another,japanese,study,conducted,wild,type,ahr,null,mice,found,chem,trimer,authors,detected,cooked,chem,container,packed,instant,foods
chem,reacts,readily,amino,acids,amino,group,side,chains,chem
acid,conditions,solution,produced,high,chem,concentration,also,contain,dissolved,gaseous,chem,corrosive,neutral,ph
fully,protonated,species,sulfurous,acid,h2so3,however,exist,solution,treatment,chem,acids,result,decomposition,telltale,effervescence,chem
chem,appears,sublime,upon,heating,actually,decomposes,chem,hydrogen,chloride
chem,solutions,chem,used,buffer,solutions,including,ack,ammonium,chloride
chloroamine,may,also,aminate,nucleophiles,electrophilic,amination,amination,chem,chloroamine,form,hydrazine,example,mechanism,raschig,process,chem,electrophilically
hypochlorous,acid,free,chlorine,strips,chem,chem,chem,outgasses,surface,bulk,water
chem,one,number,mineral,salts,chem,vitamin,c
presence,chem,visible,black,precipitate,growth,medium,peptone,chem,agar,used
chem,also,known,tcp,phenaclor,dowicide,2s,dowcide,2s,omal
metallurgical,applications,chem,serves,flux,welding,source,chem,slag,conditioner,protect,surface
chem,chemical,compound,chem,phosphorus,formula,fe3p
manufacturing,chem,takes,place,elevated,temperatures,elements,combine,directly
chem,reacts,moisture,acids,causing,dangerous,effects
chem,used,semiconductor
chem,extremely,dangerous,encountered,humans
goggles,always,used,handling,chem
contact,lenses,known,react,poorly,chem,due,corrosive,properties,scientific,world,agree,use,contact,lenses
chem,ingested,water,must,consumed,victim,order,dilute,chem,dampen
ion,strong,conjugate,base,calcium,ion,weak,conjugate,acid,similarly,chem,reacts,hydrochloric,acid,form,calcium,chloride,water,chem,chem
common,compound,chem,chem,common,salt,known,since,ancient,times
earth,crust,chem,present,average,concentrations,ppm,predominantly,minerals,halite,chem,sylvite
common,compound,chem,chem,known,since,ancient,times,archaeologists,found,evidence,rock
best,known,tetraborate,ion,found,mineral,chem,chem,makes,important,contribution,absorption,low,frequency,sound,seawater
chem,added,chem,use,welding,flux,blacksmiths
produce,g,l,hippuric,acid,per,day,urine,person,exposed,chem,chem,rise,level
early,years,first,world,war,chem,compounds,xylyl,chem,used,poison,gas
simplest,compound,chem,hydrogen,chem,hbr
aqueous,hydrogen,chem,known,hydrobromic,acid,strong,acid,pka,hydrogen,bonds,chem
silver,chem,insoluble,water,thus,often,used,qualitative,test,chem
pdf,file,french,international,chemical,safety,card,chem,cyanides,cicad,national,pollutant,inventory,cyanide,compounds,fact,sheet
chem,chemical,compound,empirical,formula,nah
chem,diatomic,molecule,formula,hbr
chem,prepared,methods,contaminated,br2,removed,passing,gas,solution,phenol
chem,commonly,called,sodamide,inorganic,compound,formula,nanh2
chem,mainly,used,strong,base,organic,chemistry,often,liquid,ammonia
usually,two,equivalents,chem,yields,desired,alkyne
carbon,acids,deprotonated,chem,liquid,ammonia,include,terminal,alkynes,methyl,ketones,cyclohexanone,phenylacetic
term,chem,however,almost,invariably,refers,one,specific,isomer,chem,iupac
chem,pale,blue,solid
forms,chem,ii,hydroxide,sold,stabilized,chem,quite,likely,mixture,chem
chem,acts,weak,base,aqueous,solution
chem,inorganic,compound,molecular,formula,k2o2
chem,name,chemical,compounds,formula,zncl2,hydrates
chem,finds,wide,application,textile,processing,metallurgical,fluxes,chemical,synthesis
five,hydrates,chem,known,zncl2,h2o,n,n
tetrahydrate,zncl2,h2o,crystallizes,aqueous,solutions,chem
commercial,samples,chem,typically,contain,water,products,hydrolysis,impurities
finally,simplest,method,relies,treating,chem,thionyl,chloride
mainly,used,precursor,fumaric,acid,relative,parent,chem,chem,applications
chem,naio3,sodium,salt,chem
chem,sf6,inorganic,colorless,odorless,non,flammable,extremely,potent,greenhouse
chem,microbubbles,administered,solution,injection,peripheral,vein
chem,tracer,gas,used,first,roadway,air,dispersion,model,calibration
chem,used,non,toxic,test,gas,experiment,st,john,wood
chem,also,routinely,used,tracer,gas,laboratory,fume,hood,containment
states,navy,mark,torpedo,closed,rankine,cycle,propulsion,system,powered,chem,exothermic,reaction,solid,lithium
chem,also,extremely,long,lived,inert,troposphere,stratosphere,estimated,atmospheric
like,xenon,chem,non,toxic,gas,yet,displacing,oxygen,lungs,also,carries
chem,nh4no2,chem,salt,nitrous,acid
mole,ratio,chem,chem,must
chem,chemical,compound,formula,ch3ona
resulting,solution,colorless,often,used,source,chem,pure,material,isolated,evaporation,followed,heating,remove,residual,methanol
solid,form,chem,polymeric,sheet,like,arrays,na,centers,bonded,four,oxygen
structure,hence,basicity,chem,solution,depends,solvent
chem,routinely,used,base,organic,chemistry,applicable,synthesis,numerous,compounds
chem,used,initiator,anionic,addition,polymerization,ethylene,oxide,forming,polyether
transformation,catalyzed,chem
chem,highly,caustic,hydrolysis,gives,methanol,toxic,volatile
chem,carboxylic,acid,involved,chem,butanedioic,acid,dicarboxyllic,acid
chem,azane,compound,nitrogen,chem,formula,nh3
ignition,occurs,chlorine,passed,chem,forming,nitrogen,chem,chloride,chlorine,present,excess,highly,explosive
molecule,polarity,especially,ability,form,chem,bonds,makes,chem,highly,miscible,water
perfectly,dry,chem,combine,perfectly,dry,chem,chloride,moisture,necessary,bring,reaction
excess,chem,helps,minimise,multiple,substitution,neutralises,chem,halide,formed
acyl,chlorides,reactive,chem,must,present,least,twofold,excess,neutralise,chem,chloride,formed
chem,chem,capable,replacement,metals,thus,magnesium,burns,gas,formation
crystalline,solid,stable,high,pressure,decomposes,back,trivalent,chem,chem,gas,normal,conditions
prior,availability,natural,gas,chem,precursor,chem,production,produced,via,electrolysis,water,using,chloralkali
chem,also,used,make,following,compounds,hydrazine,olin,raschig,process
compared,chem,fuel,chem,much,energy,efficient,would,much,lower,cost
conversion,chem,chem,via,sodium,amide,process,either,catalyst,combustion,fuel
standard,temperature,pressure,chem,less,dense,atmosphere,approximately,lifting,power,chem,helium
relatively,high,boiling,point,compared,helium,chem,chem,could,potentially,refrigerated,liquefied,aboard,airship,reduce,lift
start,world,war,chem,obtained,dry,distillation,nitrogenous,vegetable,animal,waste,products,including
modern,chem,producing,plants,depend,industrial,chem,production,react,atmospheric,nitrogen
step,known,chem,synthesis,loop,also,referred,haber,bosch,process,chem,required
conversion,wastes,chem,solves,problem,chem,storage,chem,released,economically,chem,demand
also,easier,store,chem,board,vehicles,store,chem,chem,less,flammable,petrol,lpg
chem,may,diffuse,across,renal,tubules,combine,chem,ion,thus
chem,detected,atmospheres,gas,giant,planets,including,jupiter,along,gases
chem,sodium,salt,chem
conditions,heat,acid,chem,five,carbon,sugars,undergo,dehydration,losing,three,water,molecules
chem,kh,inorganic,compound,chem,hydride,therefore,classed,alkali,metal
mobil,uses,chem,chem,gasoline,process
carbon,atom,chem,bonded,chem,single,bond,nitrogen,triple,bond,e
electron,density,chem,shifted,away,carbon,atom,making,unusually,electrophilic,towards,electronegative
chem,solution,also,known,chem,chem,water,ammonical,liquor,chem
household,chem,dilute,chem,also,ingredient,numerous,cleaning,agents,including,many
addition,use,ingredient,cleansers,cleansing,ingredients,chem,water,also,sold,cleaning,agent,usually,labeled,simply,chem
chemistry,chem,common,name,aqueous,cation,h,3o,type,oxonium,ion
molecules,pure,chem,auto,dissociate,chem,hydroxide,ions,following,equilibrium,h,3o
chem,cation,forms,chem,presence,hydrogen,ions
acidic,species,exist,chem,assuming,sufficient,chem,dissolution,stronger,acid,ionize,protonate,chem
acidity,chem,implicit,standard,used,judge,strength,acid,chem,strong,acids
unlike,chem,neutral,solutions,result,chem,autodissociation,chem,ions,acidic,solutions
know,virtually,free,protons,quickly,react,chem,form,chem,acidity,aqueous,solution,therefore,accurately,characterized,chem
researchers,yet,fully,characterize,solvation,chem,ion,chem,part,many,different,meanings,solvation,exist
freezing,point,depression,study,determined,mean,hydration,ion,cold,chem,approximately,h,3o,h,2o,average,chem,ion,solvated
called,magic,increased,stability,respect,hydration,structures,involving,comparable,number,chem,molecules,similar,usage,word,magic,nuclear,physics,might,place
eigen,solvation,structure,chem,ion,center,h,9o,complex,chem,strongly,hydrogen,bonded
calculation,enthalpies,free,energies,various,hydrogen,bonds,around,chem,cation,liquid,protonated,chem,room,temperature,study,proton,hopping
however,perchloric,acid,ionization,constant,liquid,anhydrous,perchloric,acid,chem,combined,molar,ratio,solid,chem,perchlorate,forms
aqueous,solutions,chem,sometimes,referred,chem,used,reducing,agents,disinfectants,solutions,bisulfite
common,examples,include,sodium,chem,household,bleach,calcium,chem,bleaching,powder,swimming,pool,chem
reaction,must,run,non,acidic,conditions,prevent,chem,gas,bubbling,solution,cl,cl,cl,h,small,amounts
chem,hypochlorous,acid,dichem,monoxide,various,acidified,chem,salts
high,ph,drives,reaction,left,consuming,h,ions,promoting,disproportionation,chem,chloride,chem,whereas,low,ph,drives,reaction,right,promoting
chem,strongest,oxidizing,agent,chem,oxyanions
chem,properly,called,oxirane,iupac,organic,compound,formula,c,2h
chem,colorless,flammable,gas,room,temperature,faintly,sweet,odor,simplest
special,molecular,structure,chem,easily,participates,addition,reactions,e,g,opening,ring,thus
chem,isomeric,acetaldehyde,vinyl,alcohol
polysorbate,polychem,glycol,peg,often,effective,less,toxic,alternative,materials,chem,hazardous,substance
chemical,reactivity,responsible,many,chem,hazards,also,made,key,industrial,chemical
although,dangerous,direct,household,use,generally,unfamiliar,consumers,chem,used,industrially,making,many,consumer,products,well,non,consumer
chem,important,critical,production,detergents,thickeners,solvents,plastics,various,organic
poison,gas,leaves,residue,items,contacts,pure,chem,disinfectant,widely,used,hospitals,medical,equipment,industry,replace,steam
chem,membered,aromatic,heterocycle,like,chem,thiophene
chem,tbp,brominated,derivative,chem
upon,treatment,barium,hydroxide,elevated,temperatures,chem,undergoes,ketonization,give,chem,chem,common,precursor,fragrances,especially
protonation,involves,lone,pair,electrons,nitrogen,chem,chem,aromatic,ion,determined,h,ckel,rule
chem,first,reported,justus,von,liebig,friedrich,woehler,research,oil
chem,always,sold,solution,acetic,acid,chem,maintain,stability,peracid
chem,classified,extremely,hazardous,substance,us,emergency,planning,community,right
principal,hazards,chem,arise,ready,decomposition,contact,water,releases,highly,toxic,hydrogen
sids,initial,assessment,report,chem,organisation,economic,co,operation,development,oecd,cdc,niosh,pocket
one,way,dealing,excess,hydrogen,inject,chem,chem,synthesis,reactor,reacts,form,chem,according,equation,terms
chem,chemical,compound,formula,scl2
chem,iv,chloride,also,known,chem,stannic,chloride,inorganic,compound
several,forms,hydrated,chem,known
