name,num
ab,1
abbreviated,7
abbreviation,1
ability,3
abiotic,1
able,7
ably,1
abnormality,1
abovementioned,2
absence,1
absolute,1
absorbed,6
absorbing,3
absorption,2
abstract,7
abundance,2
abundant,4
accelerate,2
accelerates,2
accelerator,2
acceptable,1
accompanied,1
accomplished,2
accordance,8
according,25
accordingly,1
accounted,1
accumulate,2
acetic,6
acetoacetylation,1
acetyl,2
acetylation,3
ach,1
achieve,2
achieved,4
achieving,1
acid,58
acidic,17
acidification,2
acidified,1
acidity,3
acidulant,1
acne,1
aconitic,1
across,1
acrosteolysis,1
acrylic,1
act,8
acta,2
action,7
activated,6
activates,1
active,8
activity,8
acute,2
acyation,1
acylation,1
adapted,2
add,2
added,15
adding,10
addition,22
additional,3
additionally,2
additive,7
adduct,2
adeps,1
adequate,1
adhere,3
adhesive,2
adipic,4
adipis,1
adiponectin,1
adjunct,1
adjust,1
adjusted,2
adjuvant,1
administered,2
administration,4
admixed,1
adopts,1
adsorbed,1
adsorption,1
adult,1
adulterant,1
adulterated,1
advanced,1
advantage,3
advantageous,5
advantageously,5
adverse,2
aeorbic,1
aerobic,3
aerospace,1
affect,1
affected,2
affecting,1
affords,2
africa,3
african,1
age,2
aged,2
agency,5
agent,20
agglutinate,1
agitating,1
agitation,1
agonist,1
agriculture,2
aid,5
air,17
airframe,1
alarm,2
alaska,1
alba,1
alcoholism,1
aldehyde,1
alder,2
aldol,4
aldose,2
alertness,1
aleviates,2
algae,2
algicide,1
alginate,4
aliphatic,1
alkali,8
alkaline,8
alkene,2
alkoxide,1
alkyl,1
alkylated,1
alkylation,1
allergic,2
allergy,2
alleviate,2
allow,3
allowed,2
allowing,2
allows,3
allowscheme,1
alloy,2
allyl,5
almond,2
almost,4
alone,1
along,6
alongside,1
alpha,1
already,1
also,110
alter,1
altered,1
alternating,1
alternative,9
alternatively,3
alternifolia,1
although,19
always,3
amato,1
america,3
american,5
amide,1
amidst,1
aminating,1
ammoniation,1
ammoxidation,2
ammunition,1
amoco,1
among,6
amongst,1
amorphous,1
amount,25
amounted,1
ampk,1
amplifies,1
anaerobic,3
anaesthetic,1
anal,1
analogous,1
analogue,2
analysis,9
analytes,1
analyze,1
analyzed,2
anchor,1
ancient,1
anderson,1
andrussow,2
anesthesiologist,1
anesthetic,4
anethole,3
angiogenesis,2
angiogenic,1
anhydride,8
anhydrous,6
animal,15
anion,5
anise,1
annex,1
annually,1
annum,1
anodic,1
anodizing,1
another,10
ant,3
anthraquinones,1
anti,3
antibiotic,1
antibody,1
anticipated,1
anticoagulant,1
anticonvulsant,1
antidote,2
antifungal,1
antiknock,1
antimicrobial,1
antioxidant,3
antiseptic,1
antisludge,1
antithyroid,1
antler,1
antozonite,1
anxiolytic,1
apha,1
apollo,1
apollodorus,1
apoptosis,1
apparatus,2
apparent,1
appear,2
appearance,2
appeared,1
appearing,2
application,25
applied,6
applies,1
apply,1
appreciable,2
approach,1
appropriate,2
approve,1
approved,1
approx,1
approximate,1
approximately,10
apricot,2
aprotic,1
aqua,1
aquatic,2
aqueous,36
arc,1
arcanite,1
archaic,1
archive,1
arcos,1
area,3
argon,6
arise,1
arises,1
armenian,1
aroma,3
aromatherapy,1
aromatic,11
aromatics,2
around,10
arrhythmia,1
arsenian,1
arsenic,1
arsenical,1
art,2
artefact,1
artery,2
arthur,1
article,4
artificial,5
artillery,1
aryl,1
asahi,1
ash,1
asparagus,1
aspen,1
aspergillus,1
asphyxiant,1
assemble,1
assessment,4
associated,9
association,3
asteraceae,1
asthma,2
astronomer,2
athena,1
athenian,1
athens,1
atm,1
atmosphere,3
atmospheric,2
atom,7
atomic,2
atp,1
attached,1
attack,2
attain,1
attempt,5
attention,2
attractant,1
attracted,1
attractive,1
auguste,1
australia,2
author,1
authority,1
authorized,1
autoclave,1
autoclaving,1
autoxidation,1
auxigro,1
availability,1
available,8
average,4
avoid,1
avoided,1
avoiding,1
azeotrope,3
bacillus,1
back,3
background,4
bacteria,5
bacterial,4
bacteriostatic,1
baker,1
baking,5
balance,2
balm,1
balochistan,1
balsam,1
ban,1
banana,1
band,2
baptiste,2
bar,4
bare,1
barium,2
base,22
based,20
basf,2
basic,6
basil,1
basis,3
baskrem,1
batch,1
bath,3
bathroom,1
batis,1
baton,1
bearing,1
became,3
becauses,1
beckmann,1
become,3
becomes,5
becoming,2
bed,9
bee,3
beef,1
beer,1
beeswax,7
began,3
begin,2
beginner,1
beginning,2
behavior,1
believe,1
believed,2
belonging,1
beneficiation,1
benzal,1
benzylic,1
berthollet,2
berzelius,1
beside,1
besides,2
best,3
beta,1
better,5
bht,1
bibliography,1
bifunctional,2
biggest,1
bile,1
billion,1
binary,1
bind,2
bingen,1
bio,4
biocatalysis,1
biochem,2
biochemically,1
biochemistry,1
biodegradable,1
biodegradation,2
biodiesel,2
bioethanol,1
biofuel,1
biogas,1
biological,4
biologically,2
biomembranes,1
bioreactor,1
biosynthesis,3
biosynthetic,6
biotechnology,1
bird,1
birkeland,1
birth,1
bismuth,2
bisulfate,6
bisulfite,16
bit,1
bitumen,1
bituminous,1
black,2
bleach,3
bleached,1
bleaching,3
blend,1
blended,2
blending,1
block,10
blood,12
blowing,1
blue,3
bluish,1
blush,1
board,3
boat,1
body,10
boil,1
boiled,1
boiling,6
bole,1
bond,7
bonded,2
bone,1
book,1
borax,1
boric,1
bottle,1
bottled,1
bottom,2
boudouard,1
bovine,1
bowel,1
bowl,1
brain,1
brake,1
bran,3
branched,1
brand,2
brazilian,1
bread,1
breakfast,1
breast,1
breath,1
breathed,1
breathing,3
brewing,1
brick,1
bright,2
brine,2
britannica,1
british,4
brittle,1
broad,2
broadcast,1
broken,3
bromide,2
bromine,1
bronze,2
brother,3
brown,5
browning,1
brucite,1
brussels,1
btx,2
bubbling,3
bucherer,1
budget,1
buffer,1
build,1
building,5
built,2
burden,1
burkholderia,1
burn,2
burned,1
burnet,1
burning,3
burnstein,1
burnt,1
butanal,1
butene,4
butter,1
butyl,1
bypass,1
byproduct,13
caa,1
cag,1
calcination,1
calcined,2
calculate,2
calculated,2
calfrac,1
california,1
call,1
called,24
came,1
cameron,1
camphor,1
canada,1
canadian,1
cancer,1
candelilla,2
candy,1
canning,1
canvas,1
cao,1
capability,3
capable,1
capacity,4
capillary,1
capsule,1
car,1
carbon,4
carbonated,2
carbonylation,3
carbothermal,1
carcass,1
carcinogen,4
carcinogenic,1
carcinogenicity,1
card,8
cardboard,1
cardiac,2
cardioprotective,1
cardiovascular,2
care,2
careful,2
carefully,2
careless,1
caries,1
carlin,1
carnauba,3
carried,6
carrier,2
carry,3
case,6
casting,1
castor,5
catalase,3
catalysis,1
catalyst,67
catalytic,31
catalytically,2
catalyze,3
catalyzed,13
catalyzes,1
category,1
cation,6
cationic,1
cattle,1
cause,20
caused,3
causing,3
caustic,3
cautioned,1
ccl,1
cdc,3
cdt,1
cell,8
cellulose,4
cement,2
cent,1
center,4
central,4
century,6
cereal,1
cerevisiae,1
certain,13
cfr,2
chaff,1
chain,8
chalk,1
chamber,2
chance,1
change,4
changed,1
channel,1
character,1
characteristic,2
characterized,1
charcoal,2
charge,2
charged,2
charger,2
chart,1
chcho,1
chd,1
cheaper,1
cheese,1
chelated,1
chem,2687
chemical,25
chemically,2
chemie,1
chemist,7
chemistry,10
chems,4
chemsub,3
chengxin,1
chest,1
chevron,1
chicago,1
chief,2
child,2
china,4
chiral,1
chloral,1
chlorate,6
chlorinated,8
chlorinating,2
chlorination,11
chlorite,4
cho,1
choice,4
choose,1
chromate,6
chromatographic,1
chromatography,4
chromite,4
chromitite,1
chronic,2
cigarette,3
cinturonero,1
circuit,1
circulated,1
circulation,2
citral,1
citronellal,2
city,1
civil,1
claim,6
claimed,1
class,2
classic,1
classified,2
claude,1
clay,2
cleaning,1
cleanup,1
clear,3
clearing,1
clearly,1
cleaved,1
clemens,1
cliff,1
clinic,1
clinical,2
close,3
closely,3
cloth,1
clotting,1
cmme,1
cns,1
coa,2
coal,5
coated,2
coating,3
cobalt,2
cocoa,2
coconut,7
cod,3
code,1
codex,1
codon,1
coefficient,1
coffee,1
coined,2
coke,2
cold,2
colder,1
coli,1
collagen,1
collected,1
collecting,1
collector,2
colloquially,1
colombia,1
colonized,2
color,2
coloration,1
colorimetry,1
colorless,5
colostomy,1
colour,1
colourless,2
column,6
com,4
combination,10
combine,1
combined,8
combining,7
combustible,1
combustion,2
come,4
comet,5
cometabolic,1
coming,2
commercial,16
commercially,20
committed,1
commodity,1
common,22
commonly,27
communication,1
comonomer,2
company,8
comparable,3
comparative,1
compare,3
compared,7
comparison,4
compatible,2
compendium,1
competing,1
competitive,1
complete,2
completely,1
completion,2
complex,10
complexometric,1
compliance,1
complicating,1
component,29
compose,1
composed,4
composite,1
composition,9
compound,106
comprehensive,1
compress,1
compressed,1
comprises,26
comprising,19
concentrate,1
concentrated,5
concentration,22
concern,6
concerned,3
concluded,1
concludes,1
conclusion,2
concomitantly,1
concrete,1
concurrently,1
condensation,9
condensed,2
condenser,1
condenses,2
condensing,1
condition,23
conditioning,1
conducted,4
conductivity,1
confectionery,2
confer,2
confirmed,2
conflicting,1
confused,3
congenital,1
conglomerate,1
conjugate,1
conjugated,1
conjunctiva,1
conjunctivitis,1
connect,2
connecting,1
connection,3
consensus,1
consequence,2
consequently,2
conservation,1
conserved,1
consider,1
consideration,1
considered,7
considering,1
considers,1
consistency,1
consisting,6
consists,10
consortium,1
constantly,1
constipation,1
constituent,3
constituted,1
constructing,1
construction,1
consumed,5
consumer,1
consumes,1
consuming,1
consumption,4
contact,11
contacting,3
contain,11
contained,4
container,1
containing,27
contains,16
contaminant,1
contaminated,1
contamination,2
contemplated,1
content,14
contentious,1
continued,1
continuing,1
continuous,8
continuously,3
contract,1
contrast,1
contributes,8
contribution,2
contributor,1
control,8
controlled,4
controlling,4
convenient,3
conventional,4
conventionally,1
conversion,36
convert,10
converted,16
converting,1
cooh,1
cooked,1
cooking,3
cool,1
cooled,4
cooling,1
coordination,3
copolymer,1
copolymerized,1
copper,21
copra,1
coproduced,3
corn,3
cornish,1
coronary,2
corporation,1
correctly,1
corresponding,8
corrode,1
corrosion,1
corrosive,3
cosmetic,5
cosmic,1
cost,4
costa,1
cotton,3
cottonseed,5
could,12
council,1
counterpart,1
country,9
cover,1
coverslip,1
cpvc,1
crack,1
craft,1
cramping,1
cream,5
created,2
creates,4
creating,1
creslan,1
cresol,1
criterion,1
critical,1
criticized,1
crop,1
crosslinker,1
crosslinking,2
crown,1
crude,2
crushed,1
crust,3
crustal,1
cryolite,2
crystal,6
crystalline,4
crystallizable,1
crystallization,2
crystallizer,2
crystallizes,2
crystallographic,1
cubic,1
cui,1
culinary,1
cultivated,1
cultivation,3
culture,4
cultured,1
culturing,1
cumene,1
cure,1
current,4
currently,4
curve,1
cya,1
cyanate,1
cyanic,2
cyanide,15
cyanogen,2
cycle,3
cyclic,1
cyclises,1
cyclising,1
cyclization,5
cymbopogon,2
cyp,1
cysteine,4
cytochrome,1
daily,2
damage,3
damaging,1
danger,2
dangerous,2
dangerously,1
dark,2
data,8
database,3
date,2
davy,4
day,6
dcb,1
dcp,2
dea,2
dealkylation,1
deamination,1
death,4
debus,1
decade,1
decarbonylation,1
decarboxylase,3
decarboxylation,1
decay,1
decision,1
declined,1
decompose,3
decomposed,2
decomposes,8
decomposition,14
decrease,4
decreased,3
decreasing,1
deeper,1
deeply,1
deer,1
defect,5
defense,1
deficiency,4
deficient,1
defined,3
definition,1
deg,1
degeneration,1
degradates,1
degradation,9
degrade,1
degree,2
degussa,1
dehydrated,3
dehydrates,1
dehydrating,1
dehydration,12
dehydrochlorinating,3
dehydrochlorination,3
dehydrogenase,3
dehydrogenated,2
dehydrogenation,3
deionizing,1
delayed,1
deliquescent,1
demand,4
demanded,1
demonstrated,1
denaturant,5
denatured,10
denaturing,2
dense,1
density,3
dental,2
dentin,1
dentistry,2
department,1
dependence,1
dependent,2
depending,1
depicts,1
depleted,1
depletion,3
depolymerizes,1
deposit,2
depressant,1
depression,2
deprotonation,1
derivative,28
derived,14
derivs,1
dermal,1
dermatitis,2
dermatologic,1
described,17
describes,2
description,20
descrizione,1
design,3
designated,1
designed,1
desirably,1
desire,1
desired,3
dessert,1
destruction,1
deta,1
detail,2
detect,1
detected,3
detergent,6
deteriorate,1
determine,3
determined,6
determining,1
detrimental,1
deuterium,1
develop,3
developed,10
development,3
device,3
diabetic,1
diagnosis,1
diagnostic,1
diagram,1
dialysis,1
diamination,1
diatomic,1
diazotization,1
dibasic,2
dibromo,1
dichl,1
dichloride,2
dichloro,4
dichromate,5
dictionary,2
dielectric,1
dielectrophoretic,1
diels,2
diesel,2
diesters,1
diet,8
dietary,7
diethanolamion,1
diethyl,2
dieting,1
difference,2
different,9
differing,1
difficult,1
difficulty,1
diffuser,1
diffusion,1
diflerent,1
dihalo,3
diluent,1
dilute,3
diluted,1
dilution,1
dimer,5
dimerizes,1
diminished,1
direct,15
directive,1
directly,6
dirt,1
disassociation,1
discharge,1
discloses,1
disclosure,1
discourse,1
discover,3
discovered,7
discovery,1
discrete,1
discussed,1
discussion,1
disease,7
dishwashing,1
disinfectant,6
disinfecting,1
dispersed,1
displaced,1
display,1
disposal,1
disproportionation,2
disrupt,1
disruption,1
dissident,1
dissimilatory,2
dissociative,1
dissolution,1
dissolve,2
dissolved,4
dissolving,3
distance,2
distillate,1
distillation,13
distilled,2
distillery,1
distinct,2
distinctive,2
distributor,1
district,1
disulfide,1
disulphur,1
diverse,3
divided,1
dm,1
dma,1
dna,2
dnapl,1
document,2
dolomitic,1
domain,1
dominant,1
dominated,1
donated,1
done,1
donor,2
doped,1
doping,1
dos,2
dose,2
dot,1
dotted,1
double,4
dow,3
download,1
downplayed,1
downstream,1
dram,1
drastically,1
drawing,1
dressing,1
dried,1
drilling,1
drink,1
drinking,6
driven,1
drop,1
drought,1
drug,17
dry,2
drying,3
dsm,1
due,10
duma,2
duration,1
dust,2
dutch,1
dutching,1
dye,2
dyeing,1
ear,1
earlier,2
early,3
earth,5
ease,1
easiest,1
easily,7
east,2
easy,1
eat,2
eaten,1
eating,4
eau,1
ecf,1
echinoderm,1
eclampsia,2
ecologic,1
economically,3
economics,1
edit,15
edu,1
educational,1
effect,17
effected,1
effective,8
effectiveness,3
efficiency,3
efficient,4
efficiently,1
effort,1
either,21
elastomer,1
elastomeres,1
electric,2
electrical,2
electricity,1
electrochemical,2
electrochemistry,1
electrochimica,1
electrode,1
electrodimerisation,1
electrolysed,1
electrolysis,7
electrolyte,1
electrolyzed,1
electron,2
electronic,1
electronics,1
electrophilic,1
electrophoresis,2
electroreduction,1
element,9
elemental,3
elevated,6
eligibility,1
elimination,1
elucidated,1
embodiment,10
emil,1
eminent,1
emission,2
emits,1
emitted,3
emollient,2
empirical,2
employed,3
employing,1
emulsifier,1
emulsion,1
enabling,1
enamel,1
enantiomer,1
enantiomerically,1
encoded,1
encoding,1
encompassing,1
encounter,1
encountered,1
encouraged,1
encouraging,1
encyclopedia,1
end,4
endocrine,1
endosulfan,1
endothermic,2
energetic,1
energy,3
engine,1
engineering,2
english,3
enhanced,1
enichem,1
enough,1
enrichment,1
ensuing,1
enterohepatic,1
enters,1
entirely,1
entity,1
entomology,1
entrained,3
environment,3
environmental,5
environmentally,1
enzymatic,3
enzyme,8
epa,5
epichlorohydrin,1
epidemic,1
epidemiological,1
epoxy,6
equal,3
equation,5
equilibrium,1
equiv,2
equivalent,11
era,1
erucic,2
erythema,1
escape,1
escapement,1
escaping,1
esp,1
especially,7
essence,1
essential,4
essentially,3
establish,1
established,5
establishing,1
ester,6
esterase,1
esterification,13
estimated,8
estrogenic,1
etc,1
etching,1
ether,3
eucalyptus,1
eufic,1
europe,3
european,7
eurovanillin,2
eutropha,1
evaluation,1
even,10
evening,1
evidence,3
examined,1
example,27
exceed,1
exceeded,1
excellent,2
except,1
exception,1
excess,15
excessive,1
exchange,4
excimer,1
excitatory,1
exciting,1
exclusively,1
excrete,1
excreted,2
exemplary,1
exerts,1
exhaustive,1
exhibit,3
exhibited,3
exist,5
existence,1
exists,3
exothermic,2
exothermically,1
expected,4
expensive,2
experience,1
experiment,10
experimental,2
experimentally,2
expert,1
explained,2
exploit,2
exploitation,1
explored,2
explosion,2
explosive,2
export,1
exported,1
exposed,4
exposing,1
exposure,8
expressed,1
expression,2
extend,1
extension,1
extensive,4
extensively,1
extent,2
exterior,1
external,3
externally,1
extra,2
extract,1
extractable,1
extracted,8
extraction,3
extractive,1
extreme,3
extremely,4
eyde,1
eye,3
fabrik,1
facebook,1
fact,8
factor,1
failure,1
fairly,1
fall,3
family,1
famous,2
fanta,1
fao,1
far,1
faraday,1
farben,1
fascist,1
fasting,1
fat,18
fatigue,1
fattening,1
fatty,6
favor,1
favorably,1
fda,3
fear,1
feasible,1
feature,1
february,1
fed,8
feed,9
feeding,2
feedstock,5
feedstream,1
fehling,1
fennel,1
fermentation,9
fermenting,1
ferrum,1
ferulic,1
fever,1
fewer,1
fiber,1
field,3
fifth,1
fifty,1
fig,1
figure,3
filamentous,1
filing,1
fill,1
filled,1
filler,1
filling,1
film,1
filter,1
filtering,1
final,4
finally,1
find,3
finding,2
finish,1
fire,3
fired,1
firework,1
firm,2
firmenich,1
first,33
firstly,2
fischer,4
fish,14
five,2
fixative,2
fixed,3
flake,2
flame,1
flammable,5
flash,2
flask,3
flavor,8
flavorant,1
flavorants,1
flavored,1
flavoring,3
flexible,1
floating,1
floor,1
flotation,3
flour,3
flow,4
flowery,1
fluid,3
fluidized,2
fluorescence,1
fluorination,1
flux,1
flying,1
foam,1
follow,1
followed,4
following,10
follows,6
food,41
foodstuff,1
force,1
forest,1
form,61
formaldehyde,2
formally,1
formate,1
formation,9
formed,29
formerly,2
formic,3
forming,3
formphosphorus,1
formula,50
formulated,2
formulation,1
fortified,1
forward,3
fossil,3
found,46
four,7
fourth,1
fraction,4
fractional,2
fractionally,1
fractionated,3
fragrance,1
france,1
free,21
freeze,1
freezing,3
french,4
freon,1
fresh,3
fresher,1
freshly,1
friction,1
friedel,1
friedrich,2
friedrichi,1
friend,1
froth,1
fructose,4
fruit,5
fruitiness,1
fruity,1
fry,1
frying,2
fuel,10
full,2
fuller,1
fulminic,1
fume,3
fumigated,1
function,3
functional,5
functionality,2
fundamental,1
fungal,1
fungi,3
fungicide,1
furfural,1
furnace,2
furniture,1
furthermore,2
fusel,1
future,2
gal,2
gallium,2
gallon,1
galvanized,1
gamma,1
garlic,1
gas,73
gaseouchemns,1
gaseous,8
gastric,1
gastrointestinal,1
gbl,1
gcse,2
gel,4
gelatin,3
gelling,3
general,13
generally,8
generate,3
generated,7
generates,3
generating,1
generation,1
generator,3
genetic,2
genus,1
geraniol,3
geranium,1
geranyl,1
germ,2
german,7
germany,1
gestational,1
get,1
getting,1
ghana,1
ghb,1
gigalitres,1
gilding,1
giulio,1
give,25
given,4
giving,2
gland,2
glass,8
glassy,2
glazed,1
gln,1
global,4
gloss,1
glossy,1
glow,1
glucosinolates,1
glycol,1
glyoxal,3
go,2
god,2
goddess,1
gold,3
good,5
gout,1
gov,1
government,3
governmental,1
grade,6
grain,2
gram,1
granite,1
granted,1
granule,1
graph,2
graphite,3
gras,1
grass,1
gravity,3
great,2
greater,3
greatest,2
greatly,3
green,4
greenhouse,1
greenish,2
grignard,1
ground,1
groundwater,1
group,31
grow,1
growing,1
grown,2
growth,6
guaiacol,7
guar,5
guide,3
gum,5
gushing,1
gutta,1
gutter,1
gynecomastia,1
gypsum,5
half,7
halide,1
halliburton,1
haloform,1
halogenating,1
hand,4
handbook,1
handling,1
hantzsch,2
happening,1
hard,2
harden,2
hardener,2
hardeners,1
hardness,1
hargreaves,1
harmful,2
harmless,1
hartshorn,2
harvest,1
haworth,1
hazard,6
hazardous,4
hcl,3
hcn,3
hconh,1
hdl,1
head,1
healing,1
health,11
healthy,2
hearing,3
heart,6
heat,5
heated,15
heater,1
heating,20
heavier,3
heavy,2
hebei,1
hedione,1
held,1
helium,2
help,3
hemihydrate,2
hemodialysis,1
hence,3
herein,2
hereinabove,1
hermann,1
herodotus,1
heterocycle,1
heterofermentive,1
hexagonal,2
high,59
higher,22
highest,4
highly,15
hill,1
hippie,1
histology,1
histopathology,1
historically,4
history,1
hive,1
hler,2
hnco,1
hoechst,1
homberg,1
home,2
homologous,1
homologuchemum,1
homologue,1
honey,3
hooc,1
hop,1
horn,1
host,1
hot,4
hour,2
household,3
however,22
hpa,1
hplc,2
hpne,1
http,2
hughes,1
human,16
humphry,1
hundred,2
husk,1
hydratase,1
hydrate,3
hydrated,2
hydration,9
hydraulic,3
hydroboration,1
hydrocarbon,7
hydrocarboxylation,1
hydrochloric,3
hydrochlorination,3
hydroformylation,1
hydrogen,37
hydrogenate,1
hydrogenated,5
hydrogenation,16
hydrolyses,1
hydrolysis,10
hydrolyze,1
hydrolyzed,1
hydrosulfide,1
hydroxy,2
hydroxylapatite,1
hydroxylation,2
hydroxypivaldehyde,7
hydroxypivaldehydes,2
hygroscopic,2
hypercalcaemia,1
hyperkalemia,1
hyperketonaemia,1
hypertension,1
hyperthyroidism,1
hypervalent,1
hypochlorite,16
hypochlorous,6
hypotensive,1
hypoxia,1
hzsm,1
iarc,1
iba,1
ibs,1
icd,1
iceland,1
ideal,1
identical,1
identified,3
identifier,1
igis,1
ignite,2
ignition,1
ihs,1
iii,1
illness,1
illustrated,1
illustrates,4
illustrative,2
image,1
immediately,1
immersed,1
immune,1
immunoglobulin,3
imp,1
impact,1
imparts,1
implicated,2
implied,1
importance,2
important,15
importing,2
impossible,1
impregnated,1
improve,4
improved,8
improvement,4
impure,2
impurity,1
incendiary,1
incense,1
inchem,1
incident,1
include,13
includes,8
including,23
income,1
incompletely,1
inconsistent,1
inconvenient,1
incorporated,4
incorporation,1
incorrect,1
increase,14
increased,9
increasing,3
increasingly,1
incubated,1
indeed,1
index,1
indian,1
indicated,1
indicates,1
indicator,2
indirectly,2
indistinguishable,1
indium,4
individual,2
induced,3
induces,1
induction,1
industrial,27
industrialized,1
industrially,35
industry,23
ineffective,1
inefficient,1
inert,5
infant,1
infection,1
infestation,1
influence,2
influenza,2
infobox,1
information,8
infusion,1
ingestion,2
ingredient,12
inhalation,3
inhibit,1
inhibited,2
inhibition,1
inhibitor,4
inhibits,3
initial,3
initio,1
injectability,1
injected,1
injection,5
ink,2
inorganic,13
input,1
insect,8
insecticide,3
inside,1
insoluble,1
instagram,1
installed,1
instead,4
institute,1
insulin,2
intake,5
integrated,1
inteins,1
intended,1
intensity,1
interacting,1
interaction,1
interest,1
interfere,1
intermediate,24
international,10
interscience,1
interstellar,1
intestinal,2
intestine,2
intoxicating,1
intramuscular,1
intratec,1
intravenous,4
intravenously,1
introduce,1
introduced,4
introducing,1
introduction,3
invention,71
inventor,1
inventory,3
inversely,1
invertebrate,1
investigated,1
investigation,4
invisible,1
involve,2
involves,11
involving,2
ioc,1
iodic,4
ion,6
ionic,2
ionization,1
ionized,1
ionizing,1
ionotropic,1
ireland,1
irritable,1
irritant,3
irritating,1
irritation,1
ischemic,1
isinglass,1
isobutylene,1
isobutyraldehyde,1
isocyanate,1
isolate,1
isolated,4
isolates,1
isomaltase,1
isomer,14
isomeric,2
isomerisation,1
isotactic,1
isotope,1
isotopic,2
issue,3
issued,1
italian,1
italy,1
iupac,2
ivb,1
ivigt,1
jakob,1
janssen,1
january,1
javel,3
jean,2
jelly,1
jet,2
jitteriness,1
john,1
joint,1
jojoba,1
jones,1
joseph,1
journal,2
judged,2
judicious,2
june,1
justus,1
kaffir,1
kaolin,1
karl,3
kcl,1
keep,1
keg,1
kernel,3
ketene,1
ketogenic,2
ketosis,1
ketothiolase,1
ketovalerate,1
key,5
keywords,1
khanozai,1
kharasch,1
kidney,2
kieserite,1
kill,1
killing,1
kilogram,4
kind,2
kinetically,1
kinetics,6
king,2
kitchen,1
kiwi,1
knight,1
know,1
knowledge,1
known,35
koch,1
koh,7
kolbe,1
koschevnikov,2
kraft,1
krypton,9
lab,1
label,1
labeled,4
labeling,3
labile,1
laboratory,11
lachrymator,1
lacking,2
lamella,1
lamiaceae,1
lamp,1
land,1
laporte,1
lard,1
large,13
largely,1
larger,4
largest,6
laser,2
last,3
lastly,1
late,1
latent,1
later,1
lateral,1
latin,2
latter,3
laughing,2
laundry,4
laurent,1
layer,4
ldl,1
le,14
leaching,1
lead,5
leading,3
leaf,6
leafy,1
lean,1
least,9
leather,4
leavening,2
leaving,1
lebedev,1
led,2
lemon,2
lemongrass,1
lemony,1
length,1
lens,1
letter,2
level,23
lever,1
lewis,2
libavius,1
liberate,1
liberty,1
liebig,1
life,8
ligand,3
light,9
lighter,1
lignin,11
lignocellulose,1
like,19
likely,3
lime,8
limit,4
limited,2
line,10
linear,2
linearity,1
liner,1
link,3
linked,2
linking,1
linoleic,3
linseed,4
linstrom,1
lip,2
lipase,1
lipid,1
lipophilic,1
liquefied,2
liquid,31
liquor,1
listed,2
liter,4
literary,2
literature,4
lithopone,1
litmus,1
litre,1
little,2
liver,7
load,1
local,1
location,1
log,1
long,12
longer,4
look,1
looking,3
lordosis,1
loser,1
loss,3
lost,1
lot,1
louis,1
louisiana,1
low,24
lower,19
lowered,1
lowering,1
lubricant,4
lubrication,1
luminous,1
lump,1
lung,4
lye,1
lymphocyte,1
lyon,1
machinery,1
mackerel,1
made,33
magnesia,4
magnesite,3
maillard,1
main,20
mainland,1
mainly,20
mainlychems,2
maintained,3
major,14
majority,4
majorly,1
make,22
making,14
malaria,1
malaysian,1
maleic,5
malformation,1
malic,4
malleable,1
malonates,1
malonic,3
mammal,3
management,1
manganate,1
manganese,2
manifestation,1
manipulated,1
manner,3
mantle,1
manufacture,29
manufactured,11
manufacturer,7
manufacturing,16
many,43
marble,1
march,2
maritima,1
market,1
marketed,1
marsh,1
mass,3
master,1
mastication,1
material,39
matrix,2
mattel,1
mature,1
maximum,2
may,47
mayo,1
mcg,1
mchm,1
mcmichael,1
mct,1
mdi,1
mea,3
meal,1
mean,4
measuring,2
mechanical,2
mechanism,6
mediated,3
medical,3
medicinal,1
medicine,1
medium,6
medlineplus,1
meet,1
melaleuca,1
melt,1
melting,6
member,10
membrane,2
mentioned,7
menu,1
merchant,1
merck,1
mercury,2
meta,2
metabolic,2
metabolised,1
metabolism,3
metabolite,3
metabolize,1
metabolized,7
metabolizing,1
metakaolin,1
metal,20
metallic,2
metamorphic,1
metathesis,1
metathesized,1
meteorological,1
meter,1
methane,5
methanogenesis,1
method,53
methyl,1
methylation,2
metric,2
mgcl,2
mibk,1
michael,1
michigan,1
microbe,2
microbial,7
microchannel,2
microgram,1
microorganism,2
microscope,1
microscopic,1
microsome,1
microwave,1
middle,2
midpoint,1
might,1
mild,3
mildly,1
milk,5
million,4
millipede,1
mimic,1
mine,1
mined,2
mineral,19
mineralogical,1
minimum,1
mining,2
minor,7
mint,1
minting,1
minute,6
mipa,1
miscellaneous,1
miscible,1
mite,1
mitochondrial,1
mix,2
mixed,7
mixing,5
mixture,55
mmol,2
mode,1
model,2
modeled,1
modeling,1
moderate,2
modern,2
modifier,1
moist,1
moisturizers,1
mol,3
molar,1
molasses,1
mold,4
mole,9
molecular,19
molecule,13
molten,2
molybdenum,2
monitored,1
mono,1
monobasic,1
monochloride,2
monodeuterated,1
monoethanolamine,2
monograph,1
monomer,10
monomethyl,1
monooxygenase,1
monosaccharide,1
monounsaturated,1
monoxide,2
month,1
mordant,1
morschbacker,1
mortar,1
mosquito,3
mostly,4
moth,2
motor,4
mounting,1
mouse,1
movement,3
mown,1
mrl,1
msds,2
much,10
mucous,1
mug,1
multi,1
multifunctional,1
multiple,2
muscarinic,1
muscle,1
mushroom,1
musket,1
must,3
mutagenic,1
mutton,2
myeloperoxidase,2
myristic,2
nacl,3
naclo,1
nahso,2
name,22
named,1
nanoparticle,1
nanowires,1
naoh,2
naphtha,1
nardus,1
nasa,1
national,6
natta,1
natural,12
naturalist,1
naturally,9
nature,1
nausea,2
navajun,1
navigation,1
nax,1
ncbi,1
near,5
nearly,1
neatsfoot,3
necessary,4
necked,1
need,6
needed,3
negative,1
negatively,1
negligible,1
nema,1
neonatal,1
nephrotoxicity,1
nerol,1
nervous,3
net,2
network,1
neuron,1
neurotransmission,1
neutral,1
neutralization,2
neutralized,2
neutralizing,2
neutrophil,1
new,8
newly,1
next,3
nhoh,1
nhra,1
nickel,3
niger,2
nigeria,1
nih,1
nikolay,1
nineteenth,2
niosh,4
nist,1
nlm,1
nma,2
nmol,1
nmr,1
nobel,1
noble,3
nod,1
noh,2
nomenclature,1
nominal,1
non,13
nonahydrate,1
nonaqueous,1
noncompressible,1
nonmetal,1
nonmetallic,1
nonselective,1
nontoxic,1
normal,5
normally,2
north,2
nose,1
notable,2
notably,1
note,2
novel,2
november,1
nox,1
nozzle,1
npg,1
npns,1
nuclear,1
nucleic,3
nucleophiles,2
nucleosynthesis,1
number,11
numerous,4
nursing,1
nut,2
nutmeg,1
nutrient,1
nutritious,1
nylon,3
oasis,1
obese,1
object,18
objected,1
objective,4
observed,2
obsolete,1
obtain,5
obtained,36
obviate,1
obviously,1
occasionally,3
occupational,1
occur,4
occurring,2
occurs,10
octan,1
odor,7
odorants,1
odorless,1
odour,2
odourless,1
offer,2
offering,2
office,1
official,1
often,20
oil,146
old,1
oldest,2
olefinic,1
oleic,1
olida,1
olin,2
olive,10
omega,2
omitted,1
one,49
ongoing,1
online,1
onto,2
open,1
operate,2
operating,3
operation,3
optical,1
optimization,1
optionally,1
oral,4
orally,1
orange,4
order,10
ordered,1
ordinarily,1
ordinary,1
ore,8
org,1
organic,58
organism,11
organization,5
oriental,1
origin,1
original,1
originally,3
originates,1
orthocumulate,1
oryzae,1
oryzanol,1
osha,1
ostreatus,1
others,4
outbreak,1
outer,1
outermost,1
outlet,3
output,1
outside,1
oven,1
overall,2
overchlorinate,1
overcome,2
overdose,1
overexpression,1
overhead,1
overlapping,1
overtaken,1
overview,1
ovid,1
oxidase,2
oxidation,61
oxidative,5
oxide,4
oxidised,1
oxidising,1
oxidization,1
oxidized,10
oxidizer,4
oxidizes,1
oxidizing,1
oximation,1
oxime,6
oxygenated,1
oxyhydrochlorination,1
oyster,1
packed,1
page,2
pain,1
paint,5
painted,1
painting,1
pair,1
pakistan,2
palladium,1
palm,14
pan,1
pancreatitis,1
paper,1
paragraph,2
paraldehyde,1
parallel,1
parameter,1
paraselective,1
parchment,1
paris,2
parsley,1
part,19
partial,6
partially,8
participant,1
participate,1
participates,1
participating,1
particle,1
particular,12
particularly,14
particulate,2
partly,2
pas,2
pass,1
passed,3
passing,7
past,2
pasteurize,1
patch,1
patchouli,2
patent,5
patented,2
pathogenic,1
pathophysiology,1
pathway,12
patient,4
pattern,1
paul,1
pausanias,1
pcb,1
pcbs,1
pcl,1
pdf,2
peanut,7
pectin,5
peeling,1
pel,1
penetrate,1
penetrating,1
penny,1
pentahydrates,1
people,10
peppermint,2
per,11
perature,1
percent,8
percentage,1
percha,1
perchlorination,1
perfect,1
performance,2
performed,1
perfume,8
peridotite,1
periodical,1
periodinanes,1
peripheral,1
perishable,1
permanent,1
permissible,1
peroxidation,1
persisted,1
personal,2
perspective,1
peru,1
pest,2
pesticide,9
pet,1
petrochemical,2
petroleum,5
pfizer,1
pharmaceutical,4
pharmacological,1
pharmacologist,1
phase,15
phenolic,1
phenomenon,1
phenyl,1
pheromone,2
phillips,2
phosgene,2
phosphorus,17
photo,1
photochemical,1
photocycloaddition,1
photodissociation,1
photographic,1
photolysis,2
photosensitizer,1
phthalate,1
phthalic,6
phthaloylating,1
physical,3
physician,1
physiologic,1
physiological,3
phytochems,1
pic,1
pie,1
piece,1
pig,1
pigment,1
pine,2
pineapple,1
pink,1
pinterest,1
pioneered,1
pipe,1
pipette,1
piping,2
pishin,1
pistachio,2
pivh,1
pka,2
place,8
placed,1
placental,1
plan,1
planetary,1
plant,14
planting,1
plasma,8
plaster,2
plastic,10
plasticity,1
plasticizer,5
plate,1
plating,1
play,1
played,1
pleasant,2
pleurotus,1
pliable,1
plus,3
plutarch,1
pneumonitis,1
pocket,3
point,9
poisonous,2
polar,2
polarity,1
polish,2
political,2
pollutant,4
pollution,1
polyacetals,1
polyester,2
polyesteranhydrides,1
polyfunctionalized,1
polyhydric,1
polymer,8
polymerizates,1
polymerization,7
polymerized,2
polymorph,1
polysaccharide,1
polystyrene,7
polyunsaturated,3
polyurethane,1
poorly,1
popular,3
popularity,1
population,2
pore,2
porous,2
portal,1
portion,1
portland,1
portray,1
pose,1
poseidon,1
positional,1
positive,1
possible,8
post,2
postage,1
potash,1
potato,1
potent,2
potential,7
potentially,1
pound,1
powder,5
powdered,1
power,3
powered,1
powerful,2
powering,1
ppb,2
ppd,1
ppdb,1
ppis,1
ppm,15
practical,1
practically,2
practice,7
pre,3
preceded,1
precipitate,2
precipitated,1
precipitation,1
precise,2
precursor,27
predominantly,2
pref,1
preferable,1
preferably,9
preference,1
preferred,6
preferring,1
pregnancy,1
pregnant,2
preliminary,1
premier,1
premium,1
prenatal,1
preparation,48
prepare,3
prepared,102
prepares,1
preparing,28
presence,67
present,60
presented,3
preservative,7
preserve,1
pressure,17
pressurize,1
presumably,1
pretreatment,2
pretzel,1
prevent,5
preventable,1
prevented,1
preventing,1
prevention,1
prevents,2
previous,3
previously,4
price,2
priestley,1
primarily,5
primary,15
prime,1
primrose,1
principal,4
principle,3
print,1
printing,1
printmaking,1
prior,8
prize,1
problem,5
procedure,6
proceed,1
proceeds,7
process,204
processed,4
processing,3
produce,57
produced,116
producer,3
producing,35
product,65
production,88
profile,3
progress,1
progressively,1
proh,2
prohibited,1
project,3
projectile,1
proliferation,1
prolonged,1
promising,1
promoted,1
promulgated,1
proofing,1
propanidid,1
propellant,2
proper,3
properly,1
property,17
propionic,4
proportion,5
proposed,8
proposing,2
prospect,1
prosthodontic,1
protection,4
protein,6
proton,3
protonated,1
protonation,2
prototype,1
proudly,1
prove,1
provide,20
provided,10
provides,5
prudence,1
pseudomonas,1
psoriasis,1
psychoactive,1
pta,1
ptfe,1
ptt,1
pubchem,3
published,4
puff,1
pulp,2
pulse,1
pungent,1
punishment,1
punting,1
purchased,1
pure,13
purge,1
purication,1
purification,2
purified,6
purifying,1
purity,1
purple,1
purpose,2
pursuant,1
put,2
puzzling,1
pvc,4
pyrethrins,1
pyrethroid,1
pyrethroids,1
pyrite,7
pyrolusite,1
pyrolysis,2
pyrotechnic,1
pyrrole,1
quality,7
quantified,1
quantitating,1
quantitative,6
quantity,7
quarter,1
quaternization,1
quest,2
quicklime,2
quickly,1
quite,2
rabbit,1
race,1
racemization,1
racing,2
radi,1
radiation,1
radical,9
radon,1
rain,2
rainwater,1
raise,2
raised,1
raising,1
rajasthan,1
ralstonia,1
raney,1
range,8
ranging,2
rapeseed,3
rapid,5
rapidly,4
rare,3
raschig,3
rat,3
rate,10
rather,2
ratio,8
raw,14
ray,1
raynaud,1
reabsorbed,1
reac,1
reach,1
reaching,1
react,17
reactant,3
reacted,7
reacting,36
reaction,175
reactionary,1
reactive,6
reactivity,4
reactor,20
reacts,23
readily,12
reagent,6
reality,1
realized,1
rearrangement,1
rearranges,1
reason,6
recalled,1
receiving,1
recent,2
recently,2
receptor,3
recognized,4
recommendation,1
recommended,3
reconfiguration,1
recording,1
recovered,4
recovering,1
recovery,6
recreational,1
recrystallized,1
rectification,2
recycle,2
recycled,2
red,2
redistribution,1
redox,1
reduce,7
reduced,11
reducer,1
reduces,3
reducing,4
reductant,1
reductase,3
reduction,11
refer,1
reference,9
referenced,1
referred,7
refers,5
refined,1
reflux,1
refluxing,2
reform,1
reforming,1
reformulated,1
refractive,1
refrigerant,4
regard,2
regenerated,2
region,1
regioselectivity,1
regular,1
regulated,1
regulation,1
regulator,1
reimer,3
related,8
relates,20
relationship,2
relative,3
relatively,8
release,8
released,2
releasing,1
relief,1
remained,1
remaining,1
remains,3
remedy,1
reminiscent,1
removal,9
remove,7
removed,7
remover,2
removing,1
renal,2
rendered,1
renewable,1
repeated,1
repel,1
repellent,5
replaced,2
replacement,3
replacing,1
report,6
reported,8
represent,1
represented,3
represents,2
reproduced,1
require,5
required,6
requirement,1
requisite,1
reregistration,1
research,4
researcher,2
resembled,1
residential,1
residual,5
residue,5
resin,13
resist,1
resistance,1
resistant,1
resmethrin,7
resonates,1
resource,2
respect,3
respective,1
respectively,6
respiratory,2
response,3
responsible,5
restorative,1
result,16
resulting,12
retained,1
retains,1
retardant,1
retinoid,1
retinol,1
return,1
reused,1
reversed,1
reverts,1
review,4
revision,2
rhinitis,1
rhizopus,1
rhodinol,1
rhodium,2
rhubarb,1
rhythmocor,1
rica,1
rice,5
rich,3
ricin,1
rickets,1
rifled,1
rigid,2
ring,6
ripe,1
ripening,1
rise,3
risk,10
ritter,1
rna,1
rnhc,1
road,1
roasting,2
robert,1
rock,3
rocket,1
rodent,1
role,3
roll,1
romanian,1
roofing,1
room,7
root,1
rose,2
rotor,1
rouge,1
roundtable,2
route,21
rspo,1
rubber,6
rudolf,1
rule,1
ruling,1
ruminant,1
run,1
rust,1
rustproofing,1
sac,1
sacred,1
safe,2
safety,12
safflower,4
said,2
sal,1
salad,1
sale,1
salt,22
salve,2
sample,4
sampled,1
sandalwood,4
sandwich,1
sanitizing,1
saponification,3
saponified,1
satisfactory,2
saturated,6
saturn,1
saving,2
saying,1
scale,10
scaled,1
scent,2
scheme,2
schlumberger,1
science,3
scientific,2
scientifically,1
scl,1
scoliosis,1
scourge,1
scr,5
screening,1
scrubber,1
scrutiny,1
sea,1
sealed,1
search,5
seashell,1
seawater,1
seaweed,3
second,8
secondary,7
secretion,1
section,5
sedimentary,1
see,6
seed,1
seedling,1
seeker,1
seen,5
segment,1
seldom,1
selective,7
selectively,1
selectivity,19
semi,1
semiconductor,2
semicrystalline,1
sensitive,1
sensor,1
sensory,2
sent,1
separate,3
separated,9
separately,2
separating,1
separation,8
sepsis,1
september,1
sequence,2
serf,2
series,4
serum,1
service,3
serving,1
sesquisulfate,3
set,1
setting,1
settled,1
several,20
severe,1
severity,1
shadow,1
shall,1
shallower,1
shared,1
shark,2
shaving,1
sheet,8
shell,2
shellac,2
shielding,1
shift,1
shiny,1
shipment,1
short,4
shortage,1
shortcoming,1
show,11
showed,6
showing,3
shown,8
side,10
siding,1
sids,4
sign,2
significance,1
significant,6
significantly,3
silicate,4
silico,1
silicon,8
silicotungstic,1
similar,14
similarly,1
simple,4
simplest,3
simplified,1
simply,2
simulation,1
simultaneous,1
simultaneously,3
since,11
single,5
sio,1
site,1
situ,1
situated,1
six,3
sizing,1
skeleton,1
skeptical,1
skin,7
skip,1
slide,1
slight,1
slightly,8
slow,3
slowly,3
slows,1
slurry,2
small,10
smaller,5
smart,1
smell,4
smith,1
smoke,1
snake,1
sncr,2
snme,1
soak,1
soaked,1
soap,9
soda,4
soft,2
softening,2
sohio,1
soil,7
sold,3
solder,1
soldered,1
solid,22
solubility,7
soluble,5
solution,56
solve,1
solvent,16
sometimes,9
somewhat,3
soon,2
source,22
south,2
southern,1
soviet,1
soy,1
soybean,4
spacecraft,1
spaceshipone,1
specialized,1
specializes,1
specialty,1
specie,6
specific,10
specifically,2
specification,1
specified,1
specimen,1
spectral,3
spectroscopy,1
spectrum,3
speed,2
spelling,2
spent,2
sperm,1
sphere,1
spill,1
spinach,1
spoiled,1
sponge,1
spontaneous,1
spore,1
spray,1
spraying,1
spring,1
springermaterials,1
springfield,1
sprite,1
squad,1
stabiliser,1
stabilization,1
stabilize,2
stabilizer,3
stable,5
stage,4
stain,2
staining,2
stamp,1
standard,13
star,1
starch,1
stardust,1
starfish,1
start,3
starting,11
stassfurt,1
state,16
stated,3
statement,1
statistically,1
stay,1
steady,1
stearic,1
stearin,1
steel,2
steer,1
stellar,1
stench,1
step,16
stereoisomers,1
still,9
stimulant,1
stimulation,1
stinkor,1
stirring,1
stocherkahnrennen,1
stoichiometric,3
stoichiometrichemde,1
stoichiometry,1
stomach,2
stonemason,1
storable,1
storage,2
stored,5
straight,2
strain,5
strato,1
stratospheric,2
strawberry,1
stream,13
stress,1
stretchier,1
strip,1
stripping,1
strobe,1
strong,11
stronger,1
strongly,2
structural,1
structurally,1
structure,11
stuart,1
studied,4
study,18
studying,1
styrene,2
subject,3
subjected,3
subliquidum,1
submersed,1
subsequent,1
subsequently,1
substance,10
substantially,2
substitute,2
substituted,1
substitution,2
substrate,6
subtilis,1
subtler,1
success,1
successfully,1
succinic,1
sucrase,1
suet,1
suffer,1
suffers,1
sufficient,4
sufficiently,1
sugar,4
suggest,1
suggested,3
suggesting,2
suggestion,1
suggests,2
suicide,1
suitable,2
suited,1
sulfate,9
sulfide,8
sulfite,1
sulfites,1
sulfochlorination,2
sulfur,16
sulphur,1
summary,4
sunlight,3
super,2
superfamily,1
superior,3
supplement,5
supplementation,1
supplied,1
supplier,1
supply,3
support,1
supported,2
supporting,1
supposed,1
suppress,3
suppression,1
surface,8
surge,1
surgical,1
surplus,1
surprisingly,1
surrounding,1
suspended,1
sustainable,3
swallowed,1
swallowing,1
sweet,2
swelling,1
swiss,1
switched,1
swordfish,1
symbol,1
symptom,3
syndiotactic,2
syndrome,2
synthesis,42
synthesised,2
synthesize,5
synthesized,24
synthesizing,3
synthetase,2
synthetic,15
synthetically,2
syrup,1
system,21
systematic,1
systemic,1
taa,1
table,5
tablespoon,1
tablet,1
tabun,1
taed,1
take,9
taken,2
taking,3
tallow,5
tanning,1
tar,1
target,1
tarragon,1
tartness,1
taste,4
tasteless,1
tea,9
technical,4
technically,1
technique,4
technology,7
teeth,1
telomerization,1
tem,1
temperature,42
temporary,1
tendency,1
tending,1
tends,3
term,7
terminal,1
ternary,2
terrestrial,1
terrigena,1
tert,20
tertiary,3
tested,3
testing,3
tetrahedral,1
tetrahydrate,1
tetraphosphorus,1
textile,6
theoretical,1
theory,2
thereby,3
therefore,8
thereof,3
thermal,8
thermodynamic,1
thermoplastic,1
thermoset,1
thesis,1
thf,1
thickening,2
thicker,1
thickness,1
thin,2
thing,2
thinned,1
thioethers,1
thiolase,2
thiols,1
third,3
thorn,1
though,3
thought,1
thousand,1
three,18
throat,1
thruster,1
thus,23
time,19
tin,8
tiny,1
tion,1
tischenko,1
tishchenko,5
tissue,5
titration,1
tlc,2
tlv,1
tobacco,1
tocolysis,1
today,15
together,11
toggle,1
toilet,1
tolerance,5
tollens,1
toluene,2
toluic,3
tomato,2
ton,2
tonne,3
tooth,1
top,1
tortoiseshell,1
total,7
toward,3
town,1
toxic,15
toxicant,2
toxicity,14
toxicology,1
toxics,1
toxin,1
toy,1
trace,3
tract,2
trade,3
traded,1
tradename,1
trading,2
traditional,8
traditionally,2
traffic,1
trail,1
train,1
trait,1
tranformation,1
transesteri,1
transesterification,1
transferase,1
transformed,1
transition,5
translate,1
translucent,1
transparent,3
transport,2
transported,1
trapped,1
tray,1
treat,3
treated,3
treating,10
treatment,29
tree,7
trend,1
tri,1
trial,2
trichloride,5
trichloroethanal,1
trichoderma,1
trigenic,1
trigger,2
trimester,1
triplet,1
trivedi,1
trough,1
trying,1
tsao,1
tube,3
tuberculosis,1
tuned,1
tung,5
tungsten,1
turkey,1
turn,5
twentieth,2
twig,1
twitter,1
two,35
type,9
typical,2
typically,5
ultimately,1
ultramafic,1
unacceptable,1
unactivated,1
uncatalyzed,1
unchanged,1
uncommon,1
unconverted,2
undergo,3
undergoes,9
undergone,1
underground,1
understood,2
underwent,1
undesirable,4
undiluted,1
unexpectedly,1
unfortunately,1
unguent,1
union,2
unique,1
unit,1
united,9
universe,2
university,2
unknown,3
unlike,2
unpalatable,1
unplasticized,1
unreacted,6
unreactedcheml,1
unreactive,1
unsaturated,3
unstable,2
unsubstituted,1
unsuitable,1
unsure,1
unsustainable,1
unwanted,1
unwittingly,1
updated,1
upon,4
upper,3
upvc,1
urine,2
us,14
usable,1
usage,2
usd,1
usda,2
use,61
used,216
useful,10
user,1
using,34
usually,15
utilized,1
utilizing,1
valine,1
valuable,3
value,8
vam,1
vanadia,1
vanilla,1
vapor,5
variable,3
variant,5
variety,9
various,6
varnish,1
varying,1
vasodilation,1
vch,1
vcm,1
vegan,1
vegetable,9
vegetal,1
vegetarian,2
vehicle,2
vein,1
verdigris,1
versatile,2
vertebrate,1
vertical,1
veterinary,1
via,34
viable,1
view,1
vigorously,1
violet,1
virgin,4
virial,1
virtually,1
viscosity,2
viscous,1
visible,1
vitro,2
vol,1
volatile,6
volatilized,1
volume,4
voluntary,2
vomiting,1
von,1
vulcanization,1
wacker,2
wall,2
war,2
warming,3
wash,2
washed,1
waste,5
wasted,1
watch,2
watching,1
water,83
waterproof,1
wavelength,1
wax,8
way,16
weak,5
weakly,4
weapon,3
webmd,1
website,1
week,1
wehmer,1
weigh,1
weighing,1
weighs,1
weight,16
weldinchemne,1
welding,1
well,17
west,4
western,1
wet,1
whale,2
wheat,2
wheel,1
whereas,5
whereby,3
wherein,9
whilst,1
whipped,1
whistle,1
white,12
whole,1
whose,3
wide,5
widely,3
wiki,1
wild,1
wiley,1
wilhelm,2
williams,1
window,1
wine,2
wintergreen,1
withdrawal,1
within,1
without,6
wmo,2
woman,4
wood,2
word,1
work,8
worker,3
working,1
workplace,1
world,10
worldwide,2
would,7
wound,1
write,1
writing,1
written,1
wurtz,1
wurtzite,1
www,1
xylene,20
yahoo,1
yam,1
year,8
yeast,2
yellow,3
yet,1
yield,43
yielding,4
ynol,1
youtube,1
zeise,1
zeolite,2
zero,2
zinin,1
zn,2
zno,2
zone,2
